{
    "web": {
        "issuer": "http://localhost:8081/auth/realms/pysaar",
        "auth_uri": "http://localhost:8081/auth/realms/pysaar/protocol/openid-connect/auth",
        "client_id": "flask-app",
        "client_secret": "a41060dd-b5a8-472e-a91f-6a3ab0e04714",
        "redirect_uris": [
            "http://localhost:5000/*"
        ],
        "userinfo_uri": "http://localhost:8081/auth/realms/pysaar/protocol/openid-connect/userinfo", 
        "token_uri": "http://localhost:8081/auth/realms/pysaar/protocol/openid-connect/token",
        "token_introspection_uri": "http://localhost:8081/auth/realms/pysaar/protocol/openid-connect/token/introspect"
    }
}